session_id,total_pnl,HYDROGEL_PACK_pnl,VELVETFRUIT_EXTRACT_pnl,VEV_4000_pnl,VEV_4500_pnl,VEV_5000_pnl,VEV_5100_pnl,HYDROGEL_PACK_position,VELVETFRUIT_EXTRACT_position,VEV_4000_position,VEV_4500_position,VEV_5000_position,VEV_5100_position,HYDROGEL_PACK_cash,VELVETFRUIT_EXTRACT_cash,VEV_4000_cash,VEV_4500_cash,VEV_5000_cash,VEV_5100_cash,total_slope_per_step,total_r2,HYDROGEL_PACK_slope_per_step,HYDROGEL_PACK_r2,VELVETFRUIT_EXTRACT_slope_per_step,VELVETFRUIT_EXTRACT_r2,VEV_4000_slope_per_step,VEV_4000_r2,VEV_4500_slope_per_step,VEV_4500_r2,VEV_5000_slope_per_step,VEV_5000_r2,VEV_5100_slope_per_step,VEV_5100_r2
0,-10030.699254353865,-16243.634771646699,2575.6258393285025,2401.990717856632,1360.0224326939879,-143.10042280922926,18.396950222940177,-115,5,-25,10,-10,-10,1176225,-23842,32612,-6645,3383,2089,0.34853070784043766,0.08725079422766596,-0.4924752537368791,0.18978498846532943,0.35741084360888126,0.7759885960642375,0.3651471564755011,0.6628377176283979,0.14152066830032073,0.92639946054449,-0.02376525891076567,0.2903093466696634,0.0006925521033557718,0.0013834675996463725
1,19340.735041475808,6464.674065021478,10123.766516219795,1287.3832609567835,920.9636664499903,268.34878302569723,275.5987498020636,-23,-48,12,10,-10,-11,240090,254565,-14458,-5625,1826,3048,1.6807785174291896,0.876878842312402,0.5818736564621978,0.5015604324919896,0.8174608815904236,0.9062584708502791,0.1274957802181858,0.7595649905022062,0.0892621013092455,0.9157215879558344,0.011860017090089445,0.0879580693996324,0.052826080759019525,0.8373911891153856
2,-2429.4566787259937,-2890.794372546021,-247.70470570889302,-846.793248113172,1344.4841234307805,212.92893418320455,-1.5774099718928483,-74,108,-28,4,-11,15,748356,-564845,35732,-1634,2689,-3080,-0.663298836639592,0.24641872118593522,-0.18600938017840407,0.054551246942308736,-0.47904285972883226,0.43389007251590567,-0.1990400746472158,0.358339997946344,0.13397421894800507,0.9675044780478723,0.04774200239103644,0.6404664664583981,0.019077256575815715,0.07198747502141215
3,13194.274789409732,13308.379428474465,-990.574203120952,123.86324486999547,961,-488.65507339362466,280.2613925798481,-56,17,9,0,-8,-1,579103,-90127,-10407,961,1959,494,1.49631142176718,0.474011387052718,1.5291519436832186,0.4571485908763893,-0.15072006333425736,0.28591782540937416,0.04555095041901033,0.4341701105569094,0.10790964375184395,0.9729679198934422,-0.06700809376185804,0.3389790009611157,0.031427041009217324,0.7953135793717175
4,6197.945925807308,-1128.3717091287544,6228.986988703487,1512.9155517936488,-626.9079390081024,209.29570315195184,2.027330295077718,-5,111,-11,-15,1,-22,48056,-574301,14518,12760,11,3606,-0.3527866976979104,0.037978168210646424,-0.664007928637966,0.16992560230027412,0.09901159859577918,0.03956675800033514,0.22633409126040485,0.9510928539940641,-0.012418829998314626,0.03219493914912204,0.017089434654363134,0.459819416099009,-0.018795063572191562,0.0693196922886442
5,18062.670406298694,19528.634424269898,-4860.980891100189,781.0185934074298,1536.3815819868742,510,567.6166977346809,68,27,7,17,0,10,-653799,-149934,-7255,-12339,510,-786,1.3730961047819508,0.7352176435315495,1.884740743404642,0.9086056960921953,-0.8761738854447173,0.5267433673415117,0.10368616425047153,0.5005277753852473,0.14591071838529257,0.5884553577376855,0.055888967275219165,0.9450624036151656,0.059043396911047985,0.7847753613230728
6,22120.746090349417,5186.328859768408,12596.770427540905,1655.596413918008,1261.8441796531915,467.44774974816755,952.7584597207377,-3,33,-1,-3,-7,2,35551,-166272,2845,3536,2337,381,2.3698108273179677,0.8094074295507889,0.2986242194479406,0.08141968154628934,1.5840073538058754,0.9214430994822924,0.18123041935305548,0.9772112690094111,0.11519500115872736,0.8005719580611336,0.06813763292645335,0.8986863335947612,0.12261620062594085,0.9038917589902214
7,-3507.61736381447,-16176.873846000992,10107.73458693485,3042.432771107655,172.2172991968837,233.83499226094273,-886.9631673138097,119,78,-19,19,-6,11,-1190877,-403195,23951,-13548,2263,-1959,-0.8992118735205564,0.2704366178091027,-2.1504131102826074,0.6949537745666318,0.9524644678119014,0.8530940310603692,0.3418701520286806,0.9528278959307562,0.007807672451699006,0.0022082213082422596,0.050187539702837396,0.4284411134931949,-0.10112859523307113,0.8438017712666872
8,-8619.529146002606,-7347.258865728101,-5362.25213887688,1610.5320764026892,1379.6861820225258,671.7448950772223,428.01870509993773,43,29,10,9,12,-9,-425727,-162931,-11136,-5932,-3090,1568,-2.505100943614961,0.39937779201849993,-1.99798521524153,0.4438710304452323,-0.8600559960542452,0.4848160628307378,0.1421378060126632,0.9282037470988375,0.11323066703726069,0.9141370826826185,0.07631371926986782,0.533321677902559,0.021258075361023247,0.30993579097104274
9,17918.75614529208,17619.75521055647,-1947.6702131105703,752.0402426368073,360.40399943811644,915.2269057712595,219,-12,71,7,14,-9,0,136125,-375132,-7931,-10217,1948,219,1.6681722415560616,0.8155862029019737,1.4992646989528373,0.7388037916441582,-0.08340701225626286,0.012944463405775136,0.09945867953643801,0.9095789700827137,-0.004920366347266226,0.0033967325279295533,0.11604562913313785,0.7889533336422477,0.041730612537178476,0.5470448985796939
10,-17344.369025152417,-21381.49071828765,2667.18349037772,2811.549430141333,-129.75008889518813,200.83865929382955,-1512.6997977824608,177,-16,-4,8,-13,13,-1723975,86453,7033,-6444,3778,-1589,-2.389774988894936,0.803146359192242,-2.7053771727722733,0.8349957418297983,0.09302507092233456,0.06378765262752709,0.3438795333378647,0.8951507054427108,-0.042699919926099464,0.3024470157895306,0.022869700616102207,0.49176402960958676,-0.10147220107283712,0.47292284894913567
11,-717.0846143690824,-6483.185682459967,3755.759927424224,1450.4717869971637,949.7962487702871,-588.6729447883827,198.74604968759286,149,-19,4,-7,14,-6,-1476924,102988,-3631,5700,-3511,1116,1.1693582502982467,0.4293837038356274,0.6195686633538144,0.19101432557917147,0.2744870582919125,0.6812523240057013,0.15321480054508907,0.9576664390611164,0.09012695911745085,0.871359531450918,0.0025695653902972288,0.0005504980898167036,0.02939120359969098,0.4575294746749133
12,11771.176170777653,-4023.602415500791,13935.89225025312,1224.8675789889403,345.43624458382146,608.1907731304409,-319.6082606778782,100,104,-6,-13,4,12,-975279,-534048,8248,10259,-357,-2385,1.1161029974833925,0.7262055545605535,-0.4974929093435256,0.18092204993434885,1.5351506571294493,0.778184417247175,0.05118628057000784,0.32000686855594923,0.01003428086390232,0.020911097951541023,0.046174790208740865,0.8861572634441187,-0.028950101945208025,0.3008104215075821
13,-28138.806015113543,-38497.22267042869,8446.193753458268,1188.2562590875223,845.5002244983662,1.1947959461049322,-122.72837767511533,-66,-64,8,-19,-7,-8,649647,330069,-10834,14177,1442,1530,-3.6995917985298883,0.9275697025882232,-5.05930332762227,0.9460901045712974,1.130068170178107,0.8865994980344996,0.10838180735199555,0.807335051548301,0.10994946609105516,0.521926743722947,-0.001559268936295202,0.001961449956321467,0.01287135440752992,0.4399783787394345
14,4091.2969947688007,84.6468255999207,728.2442649905861,1572.3582463003052,1395.6218248303912,135.67388722863257,174.7519458189654,-26,45,1,-9,-4,7,260431,-231114,190,7871,796,-1298,0.01655747527198225,0.00015071491010357015,-0.218803790388746,0.03854141513778881,-0.044450760452066106,0.008559989661071073,0.14369107989667895,0.518238127232428,0.11000699024950202,0.8892816648955542,-0.011066138219768786,0.09504960704306613,0.037180094186377945,0.4427080061956623
15,7156.984159277235,9744.291852329625,-1476.7172955614515,-2070.733134588969,464.6566955256908,944.4940029868783,-449.00796141453793,116,-107,-24,-2,3,-16,-1157705,565797,33289,1918,226,2960,0.9286874410299114,0.6201062005956447,1.2065137255486675,0.8980648204055731,-0.029937255180246602,0.0025137494009362035,-0.3317358191462993,0.6984653696633947,0.05075819606385305,0.908891786287601,0.10772549893719205,0.8739524830910914,-0.07463690519325927,0.5859682890165825
16,-22979.81628554986,-25385.176820967812,1652.9001753578486,-507.0935955154855,1356.1223826446148,-117.74151706875261,21.1730899997292,138,-42,-28,7,-4,17,-1362497,225997,35364,-4476,708,-1946,-2.7374058075717995,0.5696440704115092,-3.2383771007556765,0.6962192667735827,0.468239202468955,0.3301202077663537,0.0077949452447036325,0.0073790918724469514,0.12740352339255667,0.9451392619672827,-0.030294416271932696,0.15634051732985726,-0.07217196165041674,0.3147650570945602
17,14119.283724760917,13315.814220936969,-1923.2237215437344,744.2013124218756,1214,140.06903644568652,628.4228765001214,71,46,-5,0,1,9,-697432,-238693,7705,1214,-97,-359,1.2203554488398822,0.8561300951187366,1.350534437779163,0.897022746404681,-0.44735239241680513,0.28962650924527583,0.08538546719533953,0.5908542514200529,0.12359714992930852,0.9351076902194393,0.021297361872077963,0.8018127195577368,0.0868934244808071,0.8208377103614877
18,-7934.227354686431,-6543.521334988531,-1989.4555796260247,290.0904212201658,-221.4076287032167,441.6251712689045,88.44159614227073,58,101,-11,-8,8,5,-588847,-535230,14755,7926,-2066,-410,-1.1046774259824843,0.5034752301274349,-1.3810281489837952,0.5258458240652482,0.1973727043206155,0.07233567013034224,0.09710689928054561,0.4064215788983435,-0.08809458510696934,0.7503535251770412,0.051501998932994265,0.7830257572074482,0.018463705574141176,0.19394827156947014
19,8841.131119171361,-1303.8911078525707,4510.823019186606,2486.9573308166305,1120.846000260697,1856.0384699812612,170.35740677873866,151,4,3,-1,-8,-6,-1480319,-16596,-1521,1965,3305,1149,2.5638584757048974,0.7603918843706793,1.5107442837807614,0.5885403516277554,0.4677656733674429,0.7839631793909779,0.2973480439992016,0.9662942204262002,0.11391855679613999,0.8590736266981555,0.1349192934628173,0.5396622977020707,0.03916262429850047,0.4182261111315094
20,25078.483765984925,10895.683718399843,9538.11471827235,2585.570690204255,863.458982665763,424.42748761716405,771.2281688255512,68,101,3,20,2,-13,-659159,-515993,-1425,-14696,-113,2964,2.2622564253739164,0.9426098842056525,1.3522199090567968,0.8503886688482865,0.5320997326020599,0.5268959014029322,0.19233529695057092,0.8390670285149665,0.07258782501781322,0.48882382633511406,0.03601109850595159,0.7422859033371456,0.07700256324070567,0.9118632044853769
21,-13453.347762546078,-26295.167211420136,10614.24903723353,854.1104430437954,1024.774044477177,171.17851597571916,177.50740814383454,133,93,-12,5,-14,-4,-1331089,-492140,16400,-2916,3927,593,-2.8359310867844263,0.44908434456270035,-4.310452329763606,0.6921571243051,1.2807850265986291,0.7997297021592271,0.09151844219505142,0.919604381828666,0.12702639563543963,0.8657501451361883,-0.03178495060802792,0.2170972322498536,0.006976329158095189,0.10885154150336919
22,2543.1442525560856,-10546.114551980048,9755.782275360776,2360.18847804116,979.6506900943186,2144.214878418598,-2150.5775173787188,-29,-122,12,-3,3,17,286415,646124,-13879,3239,1060,-843,-0.5517155865000455,0.1263736870279487,-2.0569663407469028,0.6560534513010798,1.0309731855026794,0.9257309662575741,0.3045994534277862,0.8946294779137618,0.09181530454943818,0.9265295527131301,0.2808850621958663,0.939480701574371,-0.20302225142890173,0.6535258552528364
23,6351.07119662672,8565.59328595351,-3588.605751165538,-864.956110811574,921,2222.4295283134798,-904.3897556631573,-29,113,-20,0,19,19,300157,-604168,26656,921,-5905,-3657,1.0588333084270947,0.4273250904998247,1.0853742848367591,0.5466635552640396,-0.3297512584663862,0.2621468302251984,-0.002503241227383262,0.0003426491826675814,0.1011227424382238,0.9516192406726732,0.22085405474764314,0.8329983730824332,-0.016263273901758624,0.04885896091690337
24,31327.697968983146,21136.346327746796,10587.997701604538,1307.6339698513511,-721.3517089913221,321.5757523829052,-1304.5040736111237,-8,-3,-8,-7,-6,10,101688,26296,13333,6287,1888,-2294,3.6593868888678154,0.9408239119153141,2.3497819649855916,0.9054941690217057,1.3373677354079287,0.9435917143290283,0.1217083855861772,0.9157289922536436,-0.08491059825728692,0.6775585548124873,0.043792635392030516,0.4467599391967842,-0.10835323424659546,0.6131862097564754
25,-17954.173716510122,-21618.577777725994,-1479.6777554941946,3073.109280999681,1365.0106023663138,255.26049115802562,450.7014421860463,-86,-88,-22,-16,12,-19,850080,466982,28875,12824,-3682,4237,-2.3150051418689492,0.5995563130431363,-1.6533662792499741,0.656055299750245,-1.0782859819662138,0.322136543015888,0.25616904948837266,0.771315875693273,0.124154125444569,0.763290357638988,0.020544587197515455,0.12850208625709333,0.015779357216731873,0.11146417984266245
26,-13748.21471999192,-20043.795822663058,3639.3502850671066,639.8288192456166,944.53875284491,657.9318550485968,413.93139046490825,25,114,-12,-17,-9,-2,-276458,-599397,15966,13745,2281,821,-3.7599631889617133,0.6501149036118009,-4.045077987457361,0.7034141083183522,0.10084595142225532,0.03545076213915968,0.03946286310216342,0.12691572039087676,0.09163208415369523,0.9315524107168996,-0.006319241135846127,0.018787266426568368,0.059493140953331254,0.8391985149328782
27,13620.862368305374,-1896.895538416371,14011.96908419265,846.6953463659556,608.637784303884,396.06118247536597,-345.6054906161107,7,-103,16,3,-9,-3,-70848,539655,-19727,-1167,2676,515,1.1643341374182656,0.6154748644801741,-0.26372512436831236,0.1270751249142693,1.1911038277040882,0.9028752789185229,0.12887536573037153,0.7391299543976363,0.07430073103131327,0.8743687220921981,0.07221230204351542,0.60624839688827,-0.03843296472271319,0.5760135178194142
28,32984.763349305824,24532.10283012077,5315.33211421761,3600.5022282284663,267,205.1560104430564,-935.3298337040733,27,3,15,0,7,-17,-239538,-10607,-14803,267,-2272,3334,3.1875821716127577,0.941534675875122,2.2516809921104426,0.9030584988618361,0.640221860639974,0.6860559979282324,0.3730873641901839,0.8824653790399126,0.012498333463820866,0.0803559873478307,-0.003603263878808142,0.00700676965192626,-0.0863031149128857,0.3236733383459359
29,11885.272896427576,-17.708709373051533,8249.203350938595,2179.3644146373917,1222.5930901173715,-41.839326870964214,293.6600769782326,-6,-40,33,-11,-8,10,60628,215486,-39746,9317,2488,-2174,0.8158120023887933,0.5265792765774712,-0.12898968949011796,0.047885673415536074,0.6722852533714123,0.7719507757039309,0.12820026921378205,0.481200373023017,0.10343376891505644,0.6646375914828537,0.019696093530855528,0.30415240474659844,0.021186306847813557,0.16581540661012145
30,-4504.511370751269,-6876.700529008172,-703.5542661756626,895.4307286596959,1328.3044462906646,253.8348938900101,598.1733555921954,93,-16,9,-6,5,-3,-919252,83072,-10478,5132,-1093,1295,-0.09931420455772004,0.004285515049078847,-0.26691134118927373,0.08116447217922046,-0.13736379397072399,0.036776957261122734,0.09799021560233266,0.7312046596638575,0.14262648841788608,0.970743210270435,0.024346809339036702,0.728917389752937,0.039997417243023935,0.510196395267206
31,-13642.914567798358,-3690.177838898915,-9167.028213097132,923.0588370878254,407.8643424069014,45.60280846556998,-2162.2345037626064,-2,126,2,-9,-21,25,16238,-652799,-1505,6650,5709,-2951,-1.6769628980951043,0.7284516260560578,-0.6833602209774453,0.3296419871231618,-0.8686465170206897,0.7199449307763698,0.07613330393321165,0.9115687387223017,0.05032337154991441,0.8164112846740496,0.03493987194063229,0.16061276506927538,-0.28635270752071595,0.7762472996786034
32,-3261.025218549582,-5973.382992981467,-1618.525209108193,2052.600378665109,821.2326951704063,1264.232253793754,192.81765591080966,105,90,14,-7,-1,-14,-1041640,-470263,-17091,6380,1630,2702,-1.6953477720120913,0.6181965696239081,-1.4319325660388214,0.45027017196863034,-0.6669740746860148,0.2829359471512055,0.20535434254801763,0.8444349252491893,0.04861587490663974,0.435038089507176,0.16306382261978902,0.8758347914245849,-0.013475171361705651,0.06681495897103809
33,-1350.5986770861177,-2161.6026579225436,-1413.4403953116562,1889.477478828514,-179.16487630756092,175.65618846410553,338.4755851630234,116,-41,8,-26,-3,6,-1131516,216589,-8615,20366,643,-1091,1.4320872545065793,0.4292022784697255,0.8840226294155391,0.4732654836284187,0.2714502192198719,0.04803690163750037,0.19175869499600828,0.7815667442804998,0.08139160380073555,0.2978575571404609,0.016798630500868182,0.6113071068020277,-0.013334523426443484,0.05915113275529206
34,19899.652971729032,15859.143969922967,-166.93472318421118,1304,2850.8803783491458,605.2409430145433,-552.677596373409,-27,-126,0,-14,-6,-10,288088,675690,1304,11959,2057,1804,1.8021612420572901,0.8429664452062096,1.7798219860539088,0.9148496177250013,-0.4146614101771257,0.465902170393414,0.1433963125057273,0.9259465306584365,0.3212490664698483,0.9002662825112712,0.0528847572179598,0.7834848794826588,-0.08052947001300316,0.6855279539984049
35,3404.049088256581,-7740.973257211503,6092.568852354772,4191.482370551254,788.9288475187022,-12.4778768985704,84.52015194192597,138,-121,46,7,2,4,-1338790,637791,-61575,-4718,-389,-491,0.7742338911451615,0.31646467273716333,-0.6157095899534994,0.1760050055695066,0.797688164240453,0.8186727107783281,0.614908825788818,0.9106651762763422,-0.03121081771436031,0.09114587614130379,0.003681445267074262,0.03108598975566362,0.004875863516671398,0.057087834158942904
36,-3939.627372070473,-4803.055546295247,458.47494977677707,498.9844200756197,1176.942301593519,-887.71547129188,-383.2580259292615,82,89,-18,-13,5,-5,-806117,-465340,22324,10882,-1756,801,0.015680869696416046,0.00047270715418358273,0.053727883530897004,0.006052909548043087,-0.08864959104411671,0.13112094085534115,0.08800799157013461,0.7706554878947871,0.11278123747791295,0.8944217479962085,-0.09476630595446321,0.9475539438689079,-0.05542034588395361,0.31382183190307034
37,10899.71031595339,7642.629155182571,541.581227472896,2431.718203413533,371.49950929706483,217.0074779575525,-304.7252573702244,46,43,7,3,-1,-16,-451751,-211167,-7812,-2251,498,3420,0.622739754805845,0.3540647429540813,0.7960257926517504,0.6191701249562012,-0.38792704918347093,0.22223321770903934,0.25114112904292024,0.9119663986270512,0.002707898599931261,0.0029523723031128772,0.006015062412177624,0.023547936317281224,-0.04522307871748884,0.4977837669776783
38,-14734.376595932657,-20372.482159913518,2726.6786102663027,1543.7348321951704,1096.7608417161496,66.64152725198255,204.28975255125442,-160,-88,6,-4,7,-9,1617252,466407,-6369,4356,-1930,1571,-1.6370771371941284,0.2948225867917735,-1.8578492987827235,0.39942987804195373,-0.12622043636831873,0.06087773346907902,0.21274283593918789,0.6964340165620176,0.10665797527408165,0.9444619460645305,0.0030511903719937015,0.03090589216414266,0.024540596371656582,0.5958418635389252
39,12216.26354405204,4473.159652406583,5377.464657683042,1589.457404597637,842.462058297815,-932.7982588856787,866.5180299526414,-54,-107,-17,8,-2,9,544616,564351,22778,-5192,-991,-707,1.2830537414638776,0.663855327757616,-0.12201893144090549,0.03260972085815263,1.1836044838218776,0.6197225168382039,0.11180084859221263,0.7170288013598776,0.12620209891047252,0.8442589301913375,-0.10265029693080234,0.8615017651675507,0.08611553851102004,0.8289518897189944
40,11376.99420011963,1570.535437077866,6595.044910852797,2708.3703471537374,306.2286590091953,102.64996073937789,94.16488528665673,89,-109,21,-6,2,-5,-869357,577798,-26542,4706,-190,912,0.9549402887459348,0.6752183579648264,0.5131320595379649,0.43873263515898825,0.11904059384929525,0.11929880106213249,0.24549008632626357,0.907049534748785,0.023917138929678346,0.1671410836464878,0.02884227517677261,0.34833244609232383,0.024518134925966054,0.28625486978114145
41,-8514.711725437464,-13826.24985342566,-764.6702678477159,2617.6209363931266,1856.428351816553,779.2815568497167,822.8775507765122,-43,32,40,8,6,12,425384,-163085,-51355,-4832,-1766,-1043,-1.0433651531035892,0.4083504254262623,-1.535106374279771,0.5785329508371443,-0.03953230525820787,0.010261537835927516,0.22658651237760555,0.8578616474467865,0.22030843515474555,0.8139965226864959,0.05718732655722426,0.8499785968701337,0.02719125234483385,0.03304961509848066
42,15278.392152104587,10581.341229845711,2592.6220095371827,825.0874601370451,-52.19737603973681,260.57136216168215,1070.9674664627041,-49,109,24,7,1,-33,506363,-571515,-31414,-5437,59,4670,1.7928295299575454,0.7720246993791561,1.4560928079554618,0.7224299362148041,0.08658020344940319,0.024056020333885427,0.15541749583936612,0.7312212923072439,-0.013254327930192785,0.04677306297884523,0.023031444041851458,0.40533568012101345,0.08496190660164525,0.6379058652672043
43,-12596.236174072601,-14412.077876579599,-744.2603276008449,781.623917922203,915.1265618977818,112.23362669526159,751.1179235925969,82,29,-8,4,15,-5,-815847,-151997,11803,-2275,-2655,1284,-1.7066351804517335,0.6085863158208586,-1.7649722768758267,0.5157279294450374,-0.1810717739551108,0.14327276251714155,0.0786133620407648,0.7410500762128339,0.0935988714902382,0.9326931562125874,-0.016433833986254802,0.1118130291422532,0.08363047083446182,0.695286379537874
44,15708.133486729723,-9133.941092696448,22729.690921582747,1085.9946343931697,86.31446720143867,402,538.0745562488155,46,-114,7,-20,0,6,-470317,606931,-8046,16198,402,-927,1.893557692942017,0.5604764846161969,-0.678634327556319,0.2633766526528264,2.275110220309468,0.8369157804509832,0.09822244748071307,0.8870209025410221,0.11221578512082057,0.36854672108112746,0.050151477143342,0.8934644075745266,0.03649209044400606,0.7366662144764785
45,19516.789861992635,2711.626979015069,10825.538702182996,3497.5177980510052,1555.7074542722603,255.46077846101798,670.9381500102863,-67,29,31,-7,4,-11,692665,-144769,-37435,6382,-1135,2028,1.5449359359461048,0.7420815947974752,-0.023231891329052814,0.0008697371323087923,0.9170919260255039,0.6549951624115717,0.3981712018365367,0.8741220000609842,0.14235690654875024,0.9432426139554059,0.02067964861607818,0.8455803602709482,0.08986814424829333,0.8616765484487265
46,8420.707562032067,-2586.843851038022,4523.197030790558,5165.988327253275,828.6507103355912,-782,1271.7153446906652,128,-95,32,-6,0,6,-1269953,515121,-38948,4726,-782,-473,1.1502834140677585,0.802321886780637,-0.1106419029891332,0.03820802893327563,0.7564906455734949,0.841255696168925,0.380211502976815,0.8156492855541022,0.08892725350824454,0.8712346631907216,-0.1017848833572997,0.866447634436785,0.13708079835563497,0.8349658629650271
47,-8420.569287394688,-12709.116828999599,-455.8509201241977,2823.7739823196644,909.6573027680488,80.29551902111302,930.6716576202816,33,14,-4,5,5,14,-336903,-73095,7767,-3104,-1107,-1154,-0.8242960019756426,0.3151556113264764,-1.2538623590847702,0.5043961882411695,-0.10228685089123281,0.15086593200342702,0.36461762801686065,0.9141059292637816,0.07171915532409132,0.1481792478073863,-0.002393928820268485,0.0074927796469716245,0.0979103534796816,0.28728034011415915
48,23738.45019968934,11175.108671593189,9974.135966877104,1626.642745733734,1145.2709284710327,-1010.2918073822225,827.583694396503,38,-104,18,15,10,-6,-365764,556368,-20811,-11675,-2423,1325,2.2717529134224352,0.9291356916229201,1.3080045709783819,0.8755777305936224,0.6569800521978195,0.6869170495230059,0.18845906976144194,0.8052350845103468,0.14635614737615324,0.9066693126700197,-0.11505253624865514,0.7713672322581842,0.08700560935729953,0.7957178082802752
49,-7076.501039058492,-4908.196258366108,-5433.526054661663,1991.6595338471125,264.0069528294457,1305.0672663795226,-295.51247908680307,180,-43,12,3,5,8,-1760594,230262,-12560,-2370,-1192,-1553,1.1770816809244746,0.5161147719133606,1.4438699646251487,0.5773120288555852,-0.5720365083235769,0.4888016548735219,0.19205313474465455,0.8658466257389205,0.040890138852671766,0.2689490832297582,0.13850858277722633,0.890605027488363,-0.06620363175166896,0.6383156914081882
50,4707.620284062423,-3094.1802171695745,4981.788610806689,1431.4829219705098,930.0020778412545,200.8147446168134,257.71214599673146,98,79,16,-6,11,-1,-967103,-407279,-20176,5745,-1518,430,0.6830021400506664,0.1899488205243255,-0.2781066072089792,0.06143012269844579,0.5948646567671412,0.6869184726344564,0.20201162479662566,0.8363854276249605,0.08927530059656005,0.7761211519586476,0.05850045855929204,0.38204121132640645,0.01645670654003453,0.1615417559628968
51,15728.550756996488,8806.310157660162,5835.210923620674,758.2829612061832,930.2651864817226,-43.60911177424032,-557.9093601980137,155,-76,15,-1,15,14,-1521947,398791,-18062,1783,-2214,-2513,2.1425853191141924,0.8371113203479235,1.4098556073547437,0.8181763207174829,0.7055967219745031,0.680388530401238,0.013888103879074064,0.05719659246545696,0.07881850888520786,0.9133540605984767,-0.019029473598816685,0.11847366155607587,-0.04654414938048946,0.21395052403884912
52,-26853.223312485978,-32263.066842511995,-39.372951502358774,1313.4338054255704,2366.8420659897256,433.7709311366815,1335.1696789763976,125,24,4,13,-1,-5,-1230598,-129604,-3864,-9284,605,1125,-4.50331622703876,0.7681857504796354,-5.165243214469975,0.8031521040560023,0.0005856580440453554,0.000009752362470520149,0.14865668084329844,0.9486247505292632,0.2897517885346351,0.9330093764616137,0.042405173422715256,0.8076867371799045,0.180527686586465,0.7662978714599228
53,5589.90897908003,-2238.219980670023,5154.368694946228,1363.6717717568517,1000,416.92717304542384,-106.83867999845091,84,-50,-11,0,16,-3,-834147,273698,14254,1000,-3315,311,0.30062803304847074,0.11481601980871527,-0.47127837341393425,0.27547903180664657,0.47525832350103636,0.5116616571717865,0.11886923929617607,0.9216645696631417,0.11307957350625754,0.9524846001386963,0.09686533302293425,0.7643839117230709,-0.032166062863990826,0.764737689042024
54,9376.895077443303,12952.068655158277,-2737.2050332256767,950.9028210405522,-1520.3987108372075,-314.9830522599923,46.51039756735088,39,-20,-9,-16,-16,-2,-381108,103201,11235,13245,5553,423,1.467368205905911,0.6788916130752423,1.6764462229930812,0.790344651615257,-0.20719384392002016,0.244764427440792,0.11610283091867767,0.87675349711261,-0.0519190114101943,0.21163290312688574,-0.02378806524043608,0.2500155693336624,-0.04227992743519526,0.2335952729919654
55,21725.86250493184,17108.251352438267,3407.247019819217,290.4557521358838,886.5904731682349,-343.31307070805224,376.6309780782914,22,51,-17,11,8,-4,-203463,-261798,21014,-7603,-2018,1106,1.8977928970633198,0.8928209946467346,1.3447786040993865,0.8497714912253067,0.27148994487827993,0.5274716846757351,0.12528663238696794,0.634469510574728,0.13139242864787884,0.9336145067185347,-0.011115296450204983,0.03712185595817572,0.03596058350100339,0.8147712791176509
56,11888.314804537256,2884.5756439541,5317.42098866147,2662.5088772719037,546.699535639822,52.85256403117023,424.2571949787907,-79,111,-4,-6,-1,-10,811249,-583454,7363,5314,353,2798,1.9073499329501,0.8870277712288185,1.0336817621391026,0.7277743894554728,0.43952616868418587,0.5504526759370045,0.3100312817041619,0.9093520148243933,0.09714309843546008,0.6746857526593834,0.002693873429937914,0.013896383515512275,0.024273748557240793,0.49681414775553057
57,1391.5331607966145,7300.958332179347,3493.7161109243752,-11143.037760630003,1542.0470702562416,-333.64888816850316,531.4982962351572,-31,-66,40,15,13,4,324611,344880,-46987,-12226,-1324,-416,-0.08501405808065683,0.013719375980528763,0.4472004894370896,0.3961353434609265,0.4009491609507378,0.6893298691429923,-1.230384970910903,0.9601764167168869,0.257464322834826,0.7369755192460316,-0.021133002617152265,0.14911981107099978,0.06088994222472808,0.7617170824322917
58,1052.5767483342152,-3710.3124494318618,3047.5945832501748,883.4018333621207,590.6274622464753,304.3569984016549,-63.09167949434891,56,84,9,-12,-6,-5,-573672,-441928,-9801,10104,2008,1004,0.36112372538330184,0.16572620405623187,-0.23595691548610545,0.07751465443071717,0.36315049005299277,0.7033097810469786,0.087311754308113,0.8617407155664326,0.08913094889347203,0.914423754680811,0.05129603100538084,0.7848645697110109,0.006191416609459235,0.032336709608200294
59,11905.4640693541,8246.274360478259,1266.7983482078416,1175.3951677525988,354.60353477499484,578.4788614636037,283.9137966768022,8,-111,-1,-10,-1,-1,-71906,592484,2392,9450,1020,341,1.0187592528183294,0.7681641840172523,0.869261039811039,0.9111033436597674,-0.11277227974223385,0.04542204693460562,0.12730282493029732,0.8673414813204147,0.04920267230171316,0.3538740764069686,0.06144085042614565,0.2805393938787357,0.024324145091376006,0.5094072422131396
60,22392.316203055125,14964.704998149187,5890.723328235792,483.77916610757893,1170.5584467113686,270.98751344145376,-388.43724959025894,-84,41,13,-16,-2,13,854562,-211739,-16545,9050,836,-2546,2.174745191479469,0.7514021719222793,1.3469371464140276,0.6237118424490147,0.6093655771915185,0.8727815494741323,0.06912879047753176,0.517147931144321,0.10822689357908269,0.7318031919560255,0.04072600595356196,0.8500357075708095,0.0003607778637352146,0.00005782337267230152
61,-36339.464025015775,-46215.44895198173,5722.97126692468,1638.81564500493,398.9927177284262,1162.538546852297,952.6667504556253,136,21,3,11,-5,11,-1359880,-105339,-1687,-8107,2836,-1969,-5.635890116600849,0.7863566429447106,-6.570842416075462,0.8388988785316427,0.5194499989156497,0.8371778621211473,0.16838432791538965,0.7376889298944697,0.004864608400921368,0.0058909454043970366,0.14740265857110119,0.8618505763346352,0.09485070567150651,0.8576984954027703
62,3659.957116470635,-14909.444196744822,13220.129556432774,3662.6348895439805,230.82957777977117,749.6160500384804,706.1912394204519,-122,-70,33,4,9,-20,1238743,381217,-41150,-2619,-1644,1769,-0.019489183944619338,0.0004993381437459534,-1.8111082575833632,0.8408001294766919,1.3136353252250486,0.9115575599040182,0.3274958702114649,0.6437348216931995,-0.002796791945308985,0.004269195499759051,0.08134700174649723,0.7751739923793164,0.07193766840104232,0.9073709844255831
63,-2674.838519448767,-7158.171760389581,28.699179305927828,2655.3043259958504,798.5964970182395,550.9445846440917,449.7886539767052,-89,43,21,14,14,-6,901844,-231535,-26064,-11109,-2825,1043,-0.7530049192188798,0.40745893856807386,-0.7326636483138432,0.36044322366374454,-0.4087453029505263,0.33305874445164896,0.20467481970003526,0.9016920379546868,0.07257986405174083,0.8666512147876201,0.07605768809727788,0.8648104593897915,0.03509166019643052,0.397017489633843
64,-5135.540623101435,-9289.955865611555,3198.1318365136685,-2198.238287550438,2229.7257278644265,644.9440257640301,279.8519399184338,157,-5,-4,17,10,-12,-1585337,29584,3784,-11873,-1332,2538,-0.5898755773672828,0.19251809611396628,-1.0723838907278052,0.503922604332979,0.515776914607456,0.8354735620390533,-0.27117109901252,0.7806427370542537,0.15457556782766255,0.8150948773894791,0.0430274603052605,0.669627353089875,0.040299469632654364,0.6471601912298964
65,699.1596724294,-4190.000416900846,-58.532032799499575,4124.756733193997,1021.7702796846716,-52.81792560694009,-146.01696514198284,65,11,17,9,-4,-9,-641023,-55910,-19791,-6889,815,2203,-0.11055043244533573,0.013441605871715773,-0.5516310709847401,0.29122384131022583,-0.06680883873612725,0.06027545562082338,0.39911120674004097,0.956127794120706,0.12138277931657922,0.8321831705382396,0.01816917611082575,0.4223133225276433,-0.030773684891914687,0.424269296857353
66,-2752.6741450735462,-9937.630903046927,5727.502382463717,593.9403930866574,1177.9588203197823,-218.46734969839758,-95.97748819837761,44,-41,17,4,6,-7,-457432,216521,-20677,-1992,-883,1291,-0.8909967986858038,0.18657239085898286,-1.5200132002391,0.43811416689813615,0.4716894542963819,0.7667230920512492,0.023378985585185884,0.04356767462022755,0.12282152881768942,0.9258657688791228,-0.0021184256138006624,0.003537567575255596,0.013244858467825322,0.11432378675490157
67,13461.541373478736,3601.578882093483,7006.366206871986,2478.3781759992853,795.3223253448443,-0.37834604561524543,-419.72587078524737,36,-38,-40,-1,-1,-3,-351023,206420,51871,1627,188,406,0.7615200644356167,0.2813688849005806,-0.09733686667455187,0.007376637739376397,0.6950366382377916,0.7813314576423337,0.1445304948123343,0.40536443751121554,0.07480886514695624,0.8865882909036604,-0.012992263343549904,0.3762391666737262,-0.04252680374337154,0.7004272271058031
68,12205.440729522177,3075.3045085172635,3502.108808107674,3127.917620035282,1566.4087572768094,-189.04950079357332,1122.7505363787209,82,-109,6,-11,12,16,-817566,581093,-3687,8616,-2398,-1578,1.5494725563711351,0.7266865986545653,0.3282862545009789,0.30515493070787025,0.7395981960565545,0.518874191377563,0.2801948594959671,0.6968397236060071,0.131432785621319,0.7989970683457128,-0.012818980060226064,0.10465585605089436,0.08277944075660015,0.6649986607508717
69,8178.411666949047,2450.143483870197,4322.464255958825,257.9579584250241,608.8078428186805,307.53183513533304,231.50629074098833,-44,-37,-13,-2,8,-6,433971,197645,17457,1674,-1847,1522,1.3861536981908398,0.5854023889623442,0.6827094665385377,0.36639786122856616,0.6126787607846266,0.6353865457945566,-0.03281928884944961,0.1516292845001388,0.06551604535423307,0.7862649625603759,0.02915286587532032,0.7647794199758635,0.028915848487565548,0.8251388229626369
70,-3357.996355944744,-4470.478679944703,-2889.9273103219093,1560.846540749506,309.5338971014189,697.1387351876167,1434.8904612833267,-49,6,-7,12,5,29,478496,-34864,10505,-10063,-738,-4844,-0.4527879580749384,0.10480880022066429,-0.45398056531569403,0.09901384110035621,-0.3384001970653389,0.2588131261644713,0.17893618510746045,0.9375382308198575,0.0345963046129839,0.42063496843585285,0.08419062990644968,0.8139000645441424,0.041869684679244804,0.0756534030890672
71,25679.9812421784,25745.52955443412,-59.23300288262544,250.54917061688138,-108.30617673465713,120.55026834719706,-269.10857160251817,-29,76,-7,20,4,29,321782,-395336,10217,-13635,-1178,-6632,2.741507780930404,0.9451515075641026,2.9441477971741525,0.9356696042380411,-0.37412714502027505,0.20359073931211372,0.05769015682803354,0.633929834595614,-0.021044022848308815,0.022812186281330228,0.039714308869389876,0.6497240845002823,0.09512668592748785,0.37668096952879565
72,-1412.206899908033,778.2031676005572,-6653.024033156515,1750.7892703611105,1661.3643489342326,321.3614057636912,729.09894058889,171,89,-16,-1,6,10,-1698846,-472502,21739,2366,-1086,-1368,0.6837368405528046,0.1081327141556684,0.6008039140742781,0.2020645699213406,-0.31909794696525434,0.09331948046034455,0.14121066126377058,0.9271989057056176,0.18882724372621723,0.95187211964543,0.016163864810494498,0.34296670252790457,0.05582910364332236,0.5290581946911579
73,51058.05135135151,24128.072798452573,23623.731407361687,-268.54477705847967,1081.1805566419916,1688.50870546345,805.1026604902838,66,-40,43,13,-10,9,-642592,224907,-51781,-11570,3695,-771,6.107776980747748,0.9794934518529578,2.619024824581849,0.962987900214947,3.0961923665923115,0.9418723479921665,0.010632608006982267,0.003991751570615213,0.07244159427815319,0.753998908962147,0.20764383290694174,0.9189605172449343,0.10184175438147373,0.6795069919464432
74,-19881.899976343913,-19595.916640107287,-2326.1695708995685,1708.580352467622,696,-612.0407438564073,247.64662605172487,140,-58,4,0,-1,-1,-1367582,317748,-2695,696,-175,394,-1.039856727194376,0.3686387722667305,-1.3270366366065467,0.5610436420075159,0.11264091634024281,0.08802909621596054,0.20470495899185487,0.9702954328953034,0.06045629333377264,0.8043872232893657,-0.08306937137952168,0.8534242821156381,-0.00755288787417345,0.02600749748139223
75,23759.90191497714,12292.729834170343,7816.678374425799,1836.3004558204884,1410.6326188461444,537.3080229851598,-133.74739127079465,21,-47,9,9,4,19,-200062,252453,-9257,-6886,-372,-4057,2.157151365810689,0.9163753556681179,1.0389311362910436,0.7305970967150573,0.631015996443587,0.8851061737464754,0.24010521471122068,0.9449096102405036,0.15735983938089823,0.9592400678922465,0.06140094361113067,0.8761217652560478,0.028338235372843697,0.18408276335534915
76,14005.966706693314,9053.719091861974,2685.3577450504526,478.58749356191584,1324.940265598294,425.8758211039486,37.4862895167289,-63,-30,6,-6,5,-12,641089,160483,-7405,6897,-78,2411,1.990093511347379,0.8244139823111223,1.4838917530966675,0.6860221157753255,0.29782164246195375,0.10512947308532472,0.002110843106335331,0.0010522242556601073,0.15811319192278073,0.9363989430019967,0.049468048517569224,0.5284227965152248,-0.001311967757914015,0.0007869993878207709
77,16388.009875611817,5110.732387744938,5263.558404853276,642.3745604813485,4285.058165965658,228.45691370230907,857.8294428642887,74,82,-11,-21,12,-10,-747028,-422990,15036,17534,-2569,2861,1.5447775547766585,0.6402889304020135,0.7528924065351551,0.5368108643235184,0.27379575480688084,0.11665046181728354,0.0118972456052279,0.02022001721597765,0.41109889480748457,0.855480244809163,0.016903593724359525,0.13111380864529035,0.0781896592975488,0.9036991784847502
78,-1552.4383304876494,-15746.975567347137,13076.396738136886,838.1729464781547,462.6501698615657,-102.9559652139194,-79.7266524031977,-136,101,-7,-8,-4,16,1419680,-523015,10342,6687,1104,-1221,1.088993007691508,0.2798650817755524,-0.2966482470199371,0.02287638087203084,1.224061780680191,0.9223023351015518,0.1035936558117229,0.5938927437409471,0.08656131267195175,0.6596179632794196,-0.019457505711643373,0.3537196849892573,-0.009117988740759916,0.04727204227687259
79,7060.670497936641,-200.26211339625297,3996.647660643037,1285.0859977615155,1314.6239425902022,524.8578893560571,139.71712098208286,33,-27,-5,-13,15,9,-329573,145086,7510,10853,-3633,-1147,0.9399901736652437,0.3240874813277582,0.18646208774189188,0.021541758723506145,0.36886556296502676,0.7326265620848941,0.14078328067915868,0.8822489801417435,0.140896354566682,0.8697771072499504,0.09139242009223872,0.32208767149050244,0.011590467620244444,0.054941566200508905
80,1408.9631108517033,-5957.350380574062,3820.0957669730997,1454.2118196708616,337.0199146750756,304.75233646866104,1450.2336536380676,50,-59,-20,-5,-5,-14,-492481,313737,25980,4350,1377,2808,-0.7669771972729994,0.3245465159306806,-1.5027181106613103,0.603313627672021,0.4314487702967996,0.6145571550985929,0.04421745160672134,0.1958319102270983,0.021783914064210964,0.09380756003162495,0.03868651485173224,0.8926035720077243,0.1996042625688426,0.5430309582234284
81,17745.58239556224,1705.52871259104,12603.911028297356,2712.682991464473,1082.3152291663587,-205.73217039069073,-153.1233955662981,-63,14,-17,-3,-3,7,633893,-59749,22921,3355,671,-1557,2.042112383037533,0.8285933387111458,0.28372380120932716,0.09960840960482797,1.4988317269995564,0.9072883518589822,0.20020251755879603,0.6105453062262505,0.09895980772513444,0.9351192035882882,-0.017046404369890446,0.23715620621172626,-0.02255906608542587,0.3190578337650266
82,-7140.673035268048,-2166.8799475829583,-6583.375457335729,-353.6809820310227,1223.2393911500349,839.2372022938753,-99.21324176224834,-70,121,-30,-8,-8,-13,702409,-631294,39599,6637,2877,1733,-0.33996757854093257,0.016701883002106677,-0.37150500682162235,0.06571581350411616,-0.0655791947866691,0.0026621155706611885,0.016982088656821968,0.007589419092555502,0.09466204238897671,0.944138382206615,0.05298092893289123,0.8422187212747299,-0.0675084369113292,0.4389086771767425
83,-23598.718674978834,-31043.17774610652,4038.9265337824836,2398.183361517913,1165.056183230647,-1185.067866738451,1027.360859335094,98,-11,-28,1,-17,-1,-975043,60586,34158,313,3994,1021,-2.1934278464745542,0.8637768217544496,-3.0327410003506965,0.937061701976653,0.38575142521975103,0.5883089194548413,0.2923244099526055,0.7668899488482274,0.10727331165239176,0.7411687409295543,-0.039198953303261876,0.060581878128787375,0.09316296035469,0.8487653880813301
84,-10162.659750377175,-13213.253342999029,-804.2003712828009,2881.4587736603935,960.5188846358251,95.9537703157354,-83.1374647072987,68,-17,8,-23,1,-8,-678495,86725,-7070,16325,-95,1171,-0.9993372772999771,0.1324582759181934,-1.4208452692433606,0.21552495554815634,-0.04267213369878602,0.011032199617059334,0.3485758215761802,0.9480892829755844,0.11810867155918664,0.7152932437070663,0.0036052296584281624,0.025493277935638756,-0.006109597151653862,0.04580836114093992
85,12728.375254397626,4856.783764992841,3634.223746030708,2497.597720581649,897.0945859315061,1510.7407392022642,-668.0653023413403,92,-107,8,3,-24,-11,-902278,562084,-7549,-1778,7016,40,1.615328906829917,0.7451979397030772,0.7860995506068397,0.38565268111241147,0.46118776140719353,0.7241586051194235,0.23020437246076728,0.9481837984419917,0.0864047360221758,0.9387209168320602,0.1555695412644374,0.6918743380101107,-0.10413705493147625,0.6671343368379309
86,-11670.703119103682,-9643.609932081308,-4622.345397484256,1276.9314196718724,927.2055253717563,616.8235719818085,-225.7083065635543,-87,-107,-4,2,-8,-17,881610,568084,6780,-722,2133,2924,-0.9367802107909491,0.18265274123061415,-0.7551853624184321,0.23595205068177902,-0.5343954649222123,0.32344339165119385,0.15054267652408762,0.9000434197107052,0.07787377288032403,0.9380449912107353,0.0664547015632173,0.8119425848969152,0.05792946558204118,0.2252381630364926
87,-22432.348910364708,-26452.47592267138,-1768.0163949066773,2833.7848375436643,1476.4641877585764,597.5722394477656,880.3221424633464,185,-60,-7,6,-4,1,-1833205,321013,10087,-3234,1237,666,-2.6849763691318658,0.5868372971712463,-3.0458413431838407,0.6523999870894258,-0.24348230622138933,0.31420104477593047,0.32543682172825233,0.9711796743251877,0.13666201974986164,0.749132292109183,0.036808648973054275,0.6746921686839122,0.10543978982218306,0.9361040195578351
88,17862.732035304656,16477.450847403205,1141.833269597846,666.612744361948,700.2313238490096,-578,-545.3961499073525,9,-104,17,6,0,-10,-72710,538362,-19569,-4659,-578,2173,1.1938350703662448,0.5037347597100376,1.225686137266298,0.7301099339575639,-0.01529508401341324,0.0003204975078436461,0.08777456313692693,0.6133457123354286,0.05335774710196125,0.5730755146832972,-0.07322681983501977,0.8681941456741313,-0.08446147329047715,0.6392962977363708
89,1916.12728816189,-8143.294639798929,7196.326287544798,1151.7471693464158,792.6388153286562,302.1444663718146,616.5651893691343,61,65,-10,6,-5,-5,-610598,-337085,12828,-3718,1522,1713,-0.375731000531138,0.08178375845796884,-1.432810682004891,0.5945742222259369,0.735533838829226,0.8138330866348757,0.12212157456040201,0.8812438430981562,0.09491649324045971,0.9784377479729914,0.041607787189870245,0.6556877510044979,0.06289998765381255,0.5192652608370394
90,24352.612127428285,6105.906636471627,16800.489430413407,553.8475582771389,949.7674839590181,-136.0910409135222,78.69205922061428,-80,-56,16,-6,19,6,804343,307535,-18744,5576,-2511,-1412,3.09054347977051,0.8595666699729817,1.1036523849630733,0.4763375259550075,1.7499672751543849,0.9346934619555989,0.10200123368865814,0.24532498749524548,0.12171777627096561,0.8543787825447579,0.0037357433609577838,0.0058561447407175045,0.009469066332478012,0.10940747218504544
91,-20012.439977555972,-27497.86528076511,8516.670346449362,-2499.0081144984288,2145.4746977685427,-504.5404049946392,-173.1712215157006,-133,118,-46,-21,-7,-9,1339298,-613121,60060,17276,1819,1621,-1.8100986307998213,0.3810056993648802,-2.7166392758635944,0.5471272020126418,0.8668001777855353,0.6528839643305002,-0.1947900293447293,0.2069220341543646,0.28142923577734913,0.8789303043045513,-0.027094675378480294,0.3159154544347995,-0.019804063775881994,0.3423184518668763
92,4752.702473448126,-4427.50359851378,3967.181431111181,3053.6274639872827,1487.4003685330154,54.15658484937626,617.8402234810501,-136,113,-23,-15,8,-6,1405050,-602748,29903,11850,-1181,1678,0.6911865144324524,0.23990551595818238,-0.48727045162674687,0.13216398145173996,0.661496859569692,0.7714007515196227,0.338435048897541,0.8484951774278765,0.12608419362887302,0.8862435702968797,-0.022140379468024166,0.22271043721990047,0.07458124343114608,0.7791822071568048
93,-2950.752901293141,-7253.217317738105,1136.0745841929602,2382.628139639546,989.6070144643422,-737.7566119159287,531.9112900640444,-86,18,8,-4,13,-14,859999,-90832,-8937,4102,-3767,2592,-1.4671732731384155,0.260294505727445,-1.73019789491609,0.31467822226741465,-0.080917065630272,0.09833330736862847,0.24777677494178454,0.7654817613521002,0.07999723951137643,0.9584055781307502,-0.030535331164341845,0.0856583056896577,0.04670300411915704,0.43525173643080056
94,-5477.999847821108,-11119.793705689255,3538.83243137307,1796.7544522108765,205.4191606629638,177.67423263961973,-76.88641901838332,194,47,-13,-5,-15,3,-1928003,-236227,18769,4700,3597,-744,0.9687807665770447,0.35132814739732177,0.5493941952061829,0.1377576757653371,0.19367474507082594,0.4652036627513334,0.20513605053792672,0.8796771636193168,0.022986353604767223,0.2055836353606936,0.01602339482353396,0.030957202515064584,-0.01843397266621453,0.527420597597204
95,23173.31718669247,15105.362425257103,6245.359861209756,1615.7718008553602,-606.9685091501233,471.13827426042076,342.6533342599529,101,-123,12,10,5,3,-991937,640166,-14762,-6841,-757,-275,3.171861841256923,0.8846835793121993,1.7543851588867097,0.7370600128771609,1.2749618427117577,0.7558273192751112,0.14183207579481438,0.9212287585630808,-0.07454971216029872,0.6734849235708543,0.03190333951504291,0.856516404768033,0.04332913650890753,0.7382844338468686
96,14848.116622754316,11046.284729203675,2032.9625765453093,1669.5043494865204,882.0090475348588,-379.3846540446169,-403.2594259714299,112,-58,-12,12,-2,-5,-1117806,311910,14983,-7082,53,980,1.775802997937756,0.9572294678875055,1.424514248090313,0.941220552274023,0.20473741614121727,0.2228013164109862,0.15429821529790286,0.8709634739021643,0.07273100776322892,0.753351940069701,-0.025227402688661676,0.27033324759174404,-0.05525048666621332,0.6561930860906653
97,31478.39724842535,19460.137182370818,7727.545389979205,3085.68121846945,727.398437845899,618.8080868866316,-141.17306712665254,-35,-85,-32,-12,-1,8,363600,449785,42171,10416,939,-1256,4.06693149847523,0.9444074024321812,2.347934326693383,0.9266140976942734,1.388511297896379,0.7686776095526648,0.23730598641582795,0.7393460493010355,0.08661067291299493,0.5598480292023875,0.04199740443115942,0.8120431271883806,-0.03542818987450472,0.4344046638662847
98,11562.085665111736,32.353785410989076,10745.553190235165,918.7236261890748,642.9107110899058,68.98337697061243,-846.439024784011,-61,87,4,4,-5,3,619544,-447975,-4895,-2298,1184,-1687,1.1792840510035056,0.6162003511457889,0.19718881579849307,0.047313283834359954,0.9590212521381339,0.8921780911362577,0.08274573100380639,0.861021175450741,0.06679573729278993,0.7576262512579915,0.012909420474688064,0.23895484089056193,-0.1393769057044063,0.782177740750995
99,15251.738675694782,9220.867891210655,3862.0302102199057,1548.0709206801657,264.5683853839855,250.7916884384249,105.40957976164387,32,-51,19,-5,-15,1,-310414,277303,-23298,4743,4954,-36,1.6056237016335395,0.613594188599507,0.6784019152284805,0.21073482016479383,0.7002326694000555,0.8123391133238562,0.18560553404290678,0.8694445226501935,0.02937743754701977,0.6349517507132528,0.0023535364514221443,0.0013091548804045933,0.009652608963669958,0.2746910644526105
